{"th_0": 0.028823615598608927, "th_1": 0.5002387100088986, "th_2": 0.11930573346788995, "th_3": 0.5094988540874755, "weight_0": 0.25086762860311895, "weight_1": 0.7386296534878605, "weight_2": 0.5352316283805268, "weight_3": 0.3018186558184107}